USUBJID,ARM,AVAL
01-701-1015,Placebo,22
01-701-1028,Xanomeline High Dose,33
01-701-1034,Xanomeline High Dose,24
01-701-1118,Placebo,15
01-701-1130,Placebo,10
01-701-1133,Xanomeline High Dose,16
01-701-1148,Xanomeline High Dose,31
01-701-1153,Placebo,11
01-701-1203,Placebo,11
01-701-1234,Placebo,22
01-701-1239,Xanomeline High Dose,71
01-701-1275,Xanomeline High Dose,21
01-701-1287,Xanomeline High Dose,24
01-701-1302,Xanomeline High Dose,33
01-701-1345,Placebo,7
01-701-1363,Placebo,11
01-701-1383,Xanomeline High Dose,18
01-701-1392,Placebo,22
01-701-1415,Placebo,16
01-701-1440,Placebo,20
01-703-1042,Placebo,18
01-703-1076,Xanomeline High Dose,26
01-703-1100,Placebo,11
01-703-1210,Placebo,13
01-703-1258,Xanomeline High Dose,25
01-703-1295,Xanomeline High Dose,13
01-703-1299,Placebo,11
01-703-1439,Xanomeline High Dose,18
01-704-1010,Placebo,7
01-704-1065,Xanomeline High Dose,16
01-704-1093,Xanomeline High Dose,16
01-704-1127,Placebo,20
01-704-1164,Placebo,7
01-704-1260,Placebo,22
01-704-1266,Xanomeline High Dose,19
01-704-1332,Xanomeline High Dose,12
01-704-1351,Placebo,14
01-704-1388,Placebo,19
01-704-1445,Placebo,48
01-705-1059,Placebo,24
01-705-1280,Xanomeline High Dose,15
01-705-1281,Xanomeline High Dose,12
01-705-1282,Placebo,26
01-705-1310,Xanomeline High Dose,129
01-705-1349,Placebo,31
01-706-1041,Placebo,19
01-707-1206,Placebo,15
01-708-1087,Placebo,10
01-708-1171,Placebo,15
01-708-1178,Xanomeline High Dose,11
01-708-1253,Placebo,15
01-708-1286,Placebo,12
01-708-1296,Placebo,18
01-708-1316,Placebo,13
01-708-1336,Xanomeline High Dose,16
01-708-1342,Placebo,16
01-708-1347,Xanomeline High Dose,20
01-708-1378,Placebo,15
01-708-1406,Xanomeline High Dose,15
01-709-1001,Placebo,17
01-709-1029,Xanomeline High Dose,17
01-709-1088,Placebo,14
01-709-1099,Xanomeline High Dose,21
01-709-1238,Xanomeline High Dose,26
01-709-1259,Placebo,14
01-709-1301,Placebo,63
01-709-1306,Placebo,10
01-709-1309,Xanomeline High Dose,37
01-709-1312,Placebo,14
01-709-1339,Placebo,27
01-710-1006,Xanomeline High Dose,13
01-710-1027,Placebo,15
01-710-1060,Placebo,15
01-710-1070,Xanomeline High Dose,12
01-710-1078,Placebo,19
01-710-1183,Placebo,7
01-710-1187,Xanomeline High Dose,13
01-710-1249,Xanomeline High Dose,10
01-710-1264,Placebo,14
01-710-1278,Xanomeline High Dose,20
01-710-1315,Placebo,10
01-710-1354,Xanomeline High Dose,34
01-710-1368,Placebo,10
01-710-1408,Xanomeline High Dose,22
01-711-1036,Placebo,25
01-713-1106,Xanomeline High Dose,17
01-713-1179,Placebo,16
01-713-1209,Xanomeline High Dose,18
01-713-1256,Placebo,15
01-713-1269,Placebo,14
01-714-1035,Placebo,35
01-714-1288,Xanomeline High Dose,24
01-714-1375,Placebo,17
01-715-1207,Placebo,13
01-715-1321,Xanomeline High Dose,23
01-715-1397,Placebo,15
01-716-1024,Placebo,12
01-716-1026,Placebo,16
01-716-1044,Placebo,11
01-716-1071,Xanomeline High Dose,18
01-716-1108,Placebo,10
01-716-1160,Placebo,20
01-716-1177,Placebo,14
01-716-1189,Xanomeline High Dose,28
01-716-1364,Xanomeline High Dose,17
01-716-1373,Xanomeline High Dose,30
01-716-1418,Xanomeline High Dose,10
01-716-1441,Placebo,16
01-716-1447,Xanomeline High Dose,16
01-717-1109,Xanomeline High Dose,30
01-717-1174,Xanomeline High Dose,37
01-717-1201,Placebo,7
01-717-1344,Placebo,11
01-717-1357,Xanomeline High Dose,18
01-718-1101,Xanomeline High Dose,16
01-718-1139,Placebo,17
01-718-1150,Placebo,44
01-718-1172,Placebo,13
01-718-1328,Xanomeline High Dose,14
01-718-1355,Placebo,9
01-718-1371,Xanomeline High Dose,29
01-718-1427,Xanomeline High Dose,12
